email,name,phone,ssn,card,ip,address,job_title
user1@example.com,TEST_Person_000001,(840) 555-0118,999-43-3811,2223003122003222,198.51.100.139,1 Example Ave,Engineer
user2@example.net,TEST_Person_000002,(559) 555-0119,910-21-7981,2223003122003222,203.0.113.161,2 Example Way,Analyst
user3@example.com,TEST_Person_000003,(557) 555-0120,902-41-7316,371449635398431,192.0.2.32,3 Example Rd,Manager
user4@example.com,TEST_Person_000004,(358) 555-0174,000-04-5642,5105105105105100,198.51.100.70,4 Example Way,Researcher
user5@example.com,TEST_Person_000005,(457) 555-0125,987-29-5711,5105105105105100,198.51.100.219,5 Example Blvd,Designer
user6@example.org,TEST_Person_000006,(326) 555-0104,902-13-1303,4000056655665556,192.0.2.59,6 Example Way,Engineer
user7@example.com,TEST_Person_000007,(625) 555-0173,987-60-5703,4242424242424242,192.0.2.68,7 Example Blvd,Analyst
user8@example.com,TEST_Person_000008,(615) 555-0128,987-60-7483,6011111111111117,192.0.2.221,8 Example Rd,Manager
user9@example.com,TEST_Person_000009,(814) 555-0139,000-96-6433,2223003122003222,198.51.100.88,9 Example Way,Researcher
user10@example.net,TEST_Person_000010,(911) 555-0163,902-61-1857,4111111111111111,198.51.100.209,10 Example Blvd,Designer
user11@example.com,TEST_Person_000011,(583) 555-0103,999-55-6851,5555555555554444,203.0.113.118,11 Example Ave,Engineer
user12@example.org,TEST_Person_000012,(774) 555-0110,900-13-4174,378282246310005,198.51.100.149,12 Example Way,Analyst
user13@example.org,TEST_Person_000013,(810) 555-0146,902-41-4249,6011111111111117,192.0.2.55,13 Example Ave,Manager
user14@example.org,TEST_Person_000014,(512) 555-0189,000-36-3786,3530111333300000,203.0.113.95,14 Example Way,Researcher
user15@example.net,TEST_Person_000015,(430) 555-0111,999-65-4929,4242424242424242,198.51.100.80,15 Example Way,Designer
user16@example.org,TEST_Person_000016,(808) 555-0107,902-84-1050,4000056655665556,192.0.2.163,16 Example St,Engineer
user17@example.org,TEST_Person_000017,(857) 555-0128,000-24-1281,371449635398431,203.0.113.177,17 Example Rd,Analyst
user18@example.net,TEST_Person_000018,(253) 555-0166,000-92-1637,5555555555554444,192.0.2.123,18 Example Way,Manager
user19@example.net,TEST_Person_000019,(980) 555-0145,902-55-0231,6011111111111117,192.0.2.114,19 Example St,Researcher
user20@example.org,TEST_Person_000020,(419) 555-0105,901-33-6597,3530111333300000,198.51.100.59,20 Example St,Designer
user21@example.org,TEST_Person_000021,(885) 555-0148,901-41-7107,4000056655665556,198.51.100.137,21 Example Blvd,Engineer
user22@example.net,TEST_Person_000022,(824) 555-0136,666-65-7567,6011111111111117,192.0.2.85,22 Example Blvd,Analyst
user23@example.net,TEST_Person_000023,(944) 555-0134,987-70-0475,2223003122003222,198.51.100.227,23 Example St,Manager
user24@example.net,TEST_Person_000024,(372) 555-0194,999-65-4007,5105105105105100,203.0.113.13,24 Example Way,Researcher
user25@example.org,TEST_Person_000025,(678) 555-0199,666-41-9752,4111111111111111,198.51.100.26,25 Example Ave,Designer
user26@example.net,TEST_Person_000026,(972) 555-0142,910-78-7038,4000056655665556,198.51.100.24,26 Example Way,Engineer
user27@example.com,TEST_Person_000027,(684) 555-0155,910-30-2812,4000056655665556,198.51.100.40,27 Example Blvd,Analyst
user28@example.net,TEST_Person_000028,(234) 555-0150,910-61-8981,5555555555554444,203.0.113.114,28 Example Ave,Manager
user29@example.com,TEST_Person_000029,(875) 555-0150,910-25-5912,5105105105105100,203.0.113.57,29 Example Rd,Researcher
user30@example.net,TEST_Person_000030,(620) 555-0115,000-25-9999,371449635398431,192.0.2.163,30 Example Rd,Designer
user31@example.net,TEST_Person_000031,(246) 555-0113,910-23-8017,4242424242424242,198.51.100.13,31 Example Ave,Engineer
user32@example.net,TEST_Person_000032,(871) 555-0135,666-77-8711,5105105105105100,198.51.100.135,32 Example Way,Analyst
user33@example.com,TEST_Person_000033,(525) 555-0183,910-83-2990,5555555555554444,192.0.2.80,33 Example Way,Manager
user34@example.net,TEST_Person_000034,(512) 555-0198,901-96-7243,378282246310005,198.51.100.67,34 Example Blvd,Researcher
user35@example.net,TEST_Person_000035,(342) 555-0105,900-69-7990,2223003122003222,192.0.2.188,35 Example Ave,Designer
user36@example.net,TEST_Person_000036,(482) 555-0148,901-54-8547,4111111111111111,198.51.100.152,36 Example Way,Engineer
user37@example.net,TEST_Person_000037,(386) 555-0106,666-93-3171,5105105105105100,198.51.100.61,37 Example Way,Analyst
user38@example.net,TEST_Person_000038,(753) 555-0131,901-59-3418,378282246310005,198.51.100.220,38 Example Way,Manager
user39@example.net,TEST_Person_000039,(270) 555-0166,666-94-3615,4242424242424242,198.51.100.83,39 Example Rd,Researcher
user40@example.org,TEST_Person_000040,(870) 555-0165,902-33-4359,4242424242424242,203.0.113.217,40 Example Blvd,Designer
user41@example.com,TEST_Person_000041,(955) 555-0164,900-60-3880,371449635398431,203.0.113.77,41 Example St,Engineer
user42@example.org,TEST_Person_000042,(534) 555-0178,666-64-9348,4242424242424242,203.0.113.150,42 Example Way,Analyst
user43@example.net,TEST_Person_000043,(883) 555-0195,666-83-7407,4111111111111111,203.0.113.168,43 Example Way,Manager
user44@example.com,TEST_Person_000044,(217) 555-0170,901-05-6044,5555555555554444,192.0.2.214,44 Example Way,Researcher
user45@example.com,TEST_Person_000045,(830) 555-0103,900-57-1780,4000056655665556,203.0.113.157,45 Example Way,Designer
user46@example.org,TEST_Person_000046,(727) 555-0105,910-40-9742,3530111333300000,203.0.113.84,46 Example Blvd,Engineer
user47@example.org,TEST_Person_000047,(679) 555-0118,901-97-4466,5105105105105100,192.0.2.177,47 Example St,Analyst
user48@example.com,TEST_Person_000048,(643) 555-0104,901-92-3014,5555555555554444,203.0.113.194,48 Example Ave,Manager
user49@example.org,TEST_Person_000049,(603) 555-0179,901-87-0923,4111111111111111,198.51.100.66,49 Example Ave,Researcher
user50@example.com,TEST_Person_000050,(743) 555-0110,666-09-5876,378282246310005,203.0.113.25,50 Example Rd,Designer
